Filename,Subject,Original Words,Summary Words,Compression %,ROUGE-1,ROUGE-2,Quality
The Project Gutenberg eBook of...,science,17116,3222,12.473708810469736,0.3923733804475854,0.19511117655720805,yellow
The Project Gutenberg eBook of...,science,13267,2591,12.037385995326751,0.37052501353127654,0.25334467558580154,green
The Project Gutenberg eBook of...,history,29748,5613,14.034556945004706,0.5308835517652223,0.26202571338977737,yellow
The Project Gutenberg eBook of...,literature,10250,2419,14.17560975609756,0.35779601406799527,0.24810443211131086,green
The Project Gutenberg eBook of...,history,14979,3272,16.142599639495295,0.3901201402880382,0.18717814762295693,green
The Variation of Animals and P...,science,11519,2417,13.386578696067367,0.3568484094267714,0.24224037339556595,green
